"cluster","study"
"1","23334450_Battram-T_rheumatoid_arthritis_ewas_catalog_re-analysis_of_geo_data__geo_accession_id_is_gse42861"
"1","24014485_Petersen-A-K_m01444_pipecolate_no_snps_model"
"1","24014485_Petersen-A-K_m31548_dsgegdfxaegggvr__no_snps_model"
"1","24014485_Petersen-A-K_m31548_dsgegdfxaegggvr__snps_as_covariates_model"
"1","24014485_Petersen-A-K_m32197_3-4-hydroxyphenyllactate_no_snps_model"
"1","24014485_Petersen-A-K_m32197_3-4-hydroxyphenyllactate_snps_as_covariates_model"
"1","24014485_Petersen-A-K_m32338_glycine_no_snps_model"
"1","24014485_Petersen-A-K_m32338_glycine_snps_as_covariates_model"
"1","24014485_Petersen-A-K_m33960_1-oleoylglycerophosphocholine_snps_as_covariates_model"
"1","24014485_Petersen-A-K_m37202_4-androsten-3betacomma17beta-diol_disulfate_1__no_snps_model"
"1","24014485_Petersen-A-K_m37202_4-androsten-3betacomma17beta-diol_disulfate_1__snps_as_covariates_model"
"1","24170695_homair_discovery"
"1","24630777_body_mass_index_discovery"
"1","24920721_triglycerides"
"1","24920721_very_lowdensity_lipoprotein_cholesterol"
"1","25583993_triglycerides_discovery"
"1","25583993_triglycerides_replication"
"1","25617346_walking_speed"
"1","25935004_body_mass_index_change"
"1","25935004_body_mass_index_discovery"
"1","25935004_body_mass_index_metaanalysis"
"1","25935004_body_mass_index_replication"
"1","25935004_waist_circumference_discovery"
"1","25935004_waist_circumference_metaanalysis"
"1","25935004_waist_circumference_replication"
"1","26095709_type_ii_diabetes_discovery"
"1","26095709_type_ii_diabetes_metaanalysis"
"1","26110892_body_mass_index_discovery_goldn"
"1","26110892_body_mass_index_fhs_1"
"1","26110892_body_mass_index_metaanalysis"
"1","26110892_waist_circumference_aric"
"1","26110892_waist_circumference_discovery_goldn"
"1","26110892_waist_circumference_metaanalysis"
"1","26119815_body_mass_index_discovery"
"1","26119815_body_mass_index_replication"
"1","26192630_autoantibody_production_in_systemic_lupus_erythematosus_combined"
"1","26192630_autoantibody_production_in_systemic_lupus_erythematosus_discovery"
"1","26192630_autoantibody_production_in_systemic_lupus_erythematosus_linear_regression_model"
"1","26192630_autoantibody_production_in_systemic_lupus_erythematosus_replication"
"1","26643952_hba1c_basicmar_1"
"1","26681806_growth_differentiation_factor_15_metaanalysis"
"1","26681806_growth_differentiation_factor_15_nsphs_study"
"1","26681806_growth_differentiation_factor_15_pivus_study"
"1","26798409_hypertriglyceridemic_waist"
"1","27019061_fasting_glucose"
"1","27019061_fasting_glucose_adjusted_for_bmi"
"1","27019061_fasting_insulin"
"1","27019061_fasting_insulin_adjusted_for_bmi"
"1","27019061_homair"
"1","27019061_homair_adjusted_for_bmi"
"1","27074206_schizophrenia_discovery"
"1","27074206_schizophrenia_replication"
"1","27672717_human_immunodeficiency_virus"
"1","27777315_postprandial_lipemia_discovery"
"1","27777315_postprandial_lipemia_discovery_and_replication"
"1","27777315_postprandial_lipemia_replication"
"1","27826092_body_mass_index"
"1","27886173_Battram-T_crohn_s_disease_ewas_catalog_re-analysis_of_geo_data__geo_accession_id_is_gse87640"
"1","27886173_Battram-T_inflammatory_bowel_disease_ewas_catalog_re-analysis_of_geo_data__geo_accession_id_is_gse87640"
"1","27886173_inflammatory_bowel_disease"
"1","27955697_creactive_protein_discovery"
"1","27955697_creactive_protein_replication"
"1","28002404_body_mass_index_all_ancestry_discovery"
"1","28002404_body_mass_index_all_ancestry_replication"
"1","28002404_body_mass_index_discovery_and_replication"
"1","28002404_body_mass_index_european_ancestry_discovery"
"1","28002404_body_mass_index_european_ancestry_replication"
"1","28002404_body_mass_index_south_asian_ancestry_discovery"
"1","28002404_body_mass_index_south_asian_ancestry_replication"
"1","28095459_body_mass_index_framingham_heart_study_batch_1"
"1","28095459_body_mass_index_framingham_heart_study_batch_2"
"1","28095459_body_mass_index_lothian_birth_cohort_1936"
"1","28095459_body_mass_index_metaanalysis"
"1","28139377_plasma_adiponectin_discovery"
"1","28139377_plasma_adiponectin_discovery_adjusted_for_bmi"
"1","28173150_serum_highdensity_lipoprotein_cholesterol_discovery"
"1","28173150_serum_highdensity_lipoprotein_cholesterol_discovery_adjusted_for_surrogate_variables"
"1","28173150_serum_highdensity_lipoprotein_cholesterol_discovery_and_replication"
"1","28173150_serum_highdensity_lipoprotein_cholesterol_discovery_and_replication_adjusted_for_surrogate_variables"
"1","28173150_serum_highdensity_lipoprotein_cholesterol_replication"
"1","28173150_serum_highdensity_lipoprotein_cholesterol_replication_adjusted_for_surrogate_variables"
"1","28173150_serum_triglycerides_discovery"
"1","28173150_serum_triglycerides_discovery_adjusted_for_surrogate_variables"
"1","28173150_serum_triglycerides_discovery_and_replication"
"1","28173150_serum_triglycerides_discovery_and_replication_adjusted_for_surrogate_variables"
"1","28173150_serum_triglycerides_replication"
"1","28173150_serum_triglycerides_replication_adjusted_for_surrogate_variables"
"1","28194238_highdensity_lipoprotein_cholesterol_discovery"
"1","28194238_highdensity_lipoprotein_cholesterol_discovery_and_replication"
"1","28194238_highdensity_lipoprotein_cholesterol_discovery_and_replication_lipidlowering_medication_use_adjusted"
"1","28194238_highdensity_lipoprotein_cholesterol_discovery_and_replication_other_lipids_adjusted"
"1","28194238_highdensity_lipoprotein_cholesterol_discovery_and_replication_waist_circumference_adjusted"
"1","28194238_total_cholesterol_discovery_and_replication"
"1","28194238_triglycerides_discovery"
"1","28194238_triglycerides_discovery_and_replication"
"1","28194238_triglycerides_discovery_and_replication_lipidlowering_medication_use_adjusted"
"1","28194238_triglycerides_discovery_and_replication_other_lipids_adjusted"
"1","28194238_triglycerides_discovery_and_replication_waist_circumference_adjusted"
"1","28194238_triglycerides_replication"
"1","28213390_serum_highdensity_lipoprotein_cholesterol_discovery"
"1","28213390_serum_highdensity_lipoprotein_cholesterol_discovery_adjusted_for_bmi"
"1","28213390_serum_highdensity_lipoprotein_cholesterol_discovery_and_replication"
"1","28213390_serum_highdensity_lipoprotein_cholesterol_discovery_and_replication_adjusted_for_bmi"
"1","28213390_serum_highdensity_lipoprotein_cholesterol_replication"
"1","28213390_serum_total_cholesterol_replication"
"1","28213390_serum_total_cholesterol_replication_adjusted_for_bmi"
"1","28213390_serum_triglycerides_discovery"
"1","28213390_serum_triglycerides_discovery_adjusted_for_bmi"
"1","28213390_serum_triglycerides_discovery_and_replication"
"1","28213390_serum_triglycerides_discovery_and_replication_adjusted_for_bmi"
"1","28213390_serum_triglycerides_replication"
"1","28213390_serum_triglycerides_replication_adjusted_for_bmi"
"1","28624579_gammaglutamyl_transferase_discovery"
"1","28624579_gammaglutamyl_transferase_metaanalysis"
"1","28624579_gammaglutamyl_transferase_replication"
"1","29099282_Sayols-Baixeras-S_body_mass_index_meta-analysis_model_1"
"1","29099282_Sayols-Baixeras-S_body_mass_index_meta-analysis_model_2"
"1","29099282_Sayols-Baixeras-S_waist_circumference_meta-analysis_model_1"
"1","29099282_Sayols-Baixeras-S_waist_circumference_meta-analysis_model_2"
"1","29198723_Richard-MA_diastolic_blood_pressure_meta-analysis"
"1","29198723_Richard-MA_systolic_blood_pressure_meta-analysis"
"1","29278407_Geurts-YM_bmi_discovery"
"1","29278407_Geurts-YM_bmi_replication"
"1","29617535_Aslibekyan-S_tumour_necrosis_factor-alpha_meta-analysis_base_model"
"1","29617535_Aslibekyan-S_tumour_necrosis_factor-alpha_meta-analysis_model_2"
"1","29617535_Aslibekyan-S_tumour_necrosis_factor-alpha_meta-analysis_model_3"
"1","29740313_Mendelson-MM_soluble_tumor_necrosis_factor_receptor_2"
"1","29762635_Dhana-K_body_mass_index_discovery"
"1","29762635_Dhana-K_body_mass_index_replication"
"1","29762635_Dhana-K_waist_circumference_discovery"
"1","29762635_Dhana-K_waist_circumference_replication"
"1","29921915_Battram-T_multiple_sclerosis_ewas_catalog_re-analysis_of_geo_data__geo_accession_id_is_gse106648"
"1","29998287_Jovanova-OS_depressive_symptoms_meta-analysis"
"1","30779925_Somineni-H_crohn_s_disease"
"1","30779925_Somineni-H_crohn_s_disease_inflammatory_crohn_s_disease"
"1","30935889_Birmingham-M_fvc"
"1","30936141_Ma-J_hepatic_fat_meta-analysis_model_1"
"1","30936141_Ma-J_hepatic_fat_meta-analysis_model_2"
"1","30936141_Ma-J_hepatic_fat_meta-analysis_model_3"
"1","30938765_Wilson-LE_alcohol_consumption_replication"
"1","31165884_Mandaviya-PR_folate_intake_categorical_model_and_meta_analysis"
"1","31165884_Mandaviya-PR_folate_intake_continuous_model_and_meta_analysis"
"1","31197173_Liu-J_fasting_glucose_base"
"1","31197173_Liu-J_fasting_glucose_base_plus_bmi"
"1","31197173_Liu-J_fasting_insulin_base"
"1","31197173_Liu-J_fasting_insulin_base_plus_bmi"
"1","31386212_Xu-K_alcohol_consumption_adjusted_for_bmi"
"1","31386212_Xu-K_alcohol_consumption_not_adjusted_for_bmi"
"1","31506343_Cardona-A_type_ii_diabetes_discovery"
"1","31506343_Cardona-A_type_ii_diabetes_replication_in_europeans"
"1","31506343_Cardona-A_type_ii_diabetes_replication_in_indians"
"1","31510868_Sun-D_body_mass_index_discovery_in_africans"
"1","31510868_Sun-D_body_mass_index_discovery_in_europeans"
"1","31510868_Sun-D_body_mass_index_follow_up_in_europeans"
"1","31510868_Sun-D_body_mass_index_meta-analysis_in_africans"
"1","31510868_Sun-D_body_mass_index_meta-analysis_in_europeans"
"1","31510868_Sun-D_body_mass_index_replication_in_africans"
"1","31510868_Sun-D_body_mass_index_replication_in_europeans"
"1","31691802_Albao-D._type_ii_diabetes_mellitus_linear_regression"
"1","31985870_Raffield-LM_coagulation_factor_viii"
"1","32033992_Ochoa-Rosales-C_statin_use_discovery"
"1","32033992_Ochoa-Rosales-C_statin_use_replication"
"1","32144264_Vallerga-CL_parkinson_s_disease_meta_analysis_using_moa_model_from_osca"
"1","32144264_Vallerga-CL_parkinson_s_disease_meta_analysis_using_moment_model_from_osca"
"1","32520614_Huang-D_diastolic_blood_pressure_discovery"
"1","32520614_Huang-D_systolic_blood_pressure_discovery"
"1","32525743_Ma-J_healthy_eating_trans-ethnic_meta-analysis"
"1","33239708_Nuotio-ML_metabolic_sydnrome_discovery"
"1","33397400_Walker-R_apoe_e2_vs_e4_meta-analysis"
"1","33413638_Gomez-Alonso-MDC_faw6tofa_meta-analysis"
"1","33413638_Gomez-Alonso-MDC_idl_tg_pct_meta-analysis"
"1","33413638_Gomez-Alonso-MDC_ile_meta-analysis"
"1","33413638_Gomez-Alonso-MDC_l-ldl-fc_pct_meta-analysis"
"1","33413638_Gomez-Alonso-MDC_l-vldl-c_meta-analysis"
"1","33413638_Gomez-Alonso-MDC_l-vldl-fc_meta-analysis"
"1","33413638_Gomez-Alonso-MDC_l-vldl-l_meta-analysis"
"1","33413638_Gomez-Alonso-MDC_l-vldl-pl_meta-analysis"
"1","33413638_Gomez-Alonso-MDC_l-vldl-p_meta-analysis"
"1","33413638_Gomez-Alonso-MDC_l-vldl-tg_meta-analysis"
"1","33413638_Gomez-Alonso-MDC_latofa_meta-analysis"
"1","33413638_Gomez-Alonso-MDC_m-hdl-tg_meta-analysis"
"1","33413638_Gomez-Alonso-MDC_m-vldl-c_meta-analysis"
"1","33413638_Gomez-Alonso-MDC_m-vldl-fc_meta-analysis"
"1","33413638_Gomez-Alonso-MDC_m-vldl-l_meta-analysis"
"1","33413638_Gomez-Alonso-MDC_m-vldl-pl_meta-analysis"
"1","33413638_Gomez-Alonso-MDC_m-vldl-pl_pct_meta-analysis"
"1","33413638_Gomez-Alonso-MDC_m-vldl-p_meta-analysis"
"1","33413638_Gomez-Alonso-MDC_m-vldl-tg_meta-analysis"
"1","33413638_Gomez-Alonso-MDC_mufatofa_meta-analysis"
"1","33413638_Gomez-Alonso-MDC_mufa_meta-analysis"
"1","33413638_Gomez-Alonso-MDC_s-hdl-tg_meta-analysis"
"1","33413638_Gomez-Alonso-MDC_s-hdl-tg_pct_meta-analysis"
"1","33413638_Gomez-Alonso-MDC_s-ldl-tg_meta-analysis"
"1","33413638_Gomez-Alonso-MDC_s-ldl-tg_pct_meta-analysis"
"1","33413638_Gomez-Alonso-MDC_s-vldl-ce_pct_meta-analysis"
"1","33413638_Gomez-Alonso-MDC_s-vldl-c_pct_meta-analysis"
"1","33413638_Gomez-Alonso-MDC_s-vldl-fc_meta-analysis"
"1","33413638_Gomez-Alonso-MDC_s-vldl-l_meta-analysis"
"1","33413638_Gomez-Alonso-MDC_s-vldl-pl_meta-analysis"
"1","33413638_Gomez-Alonso-MDC_s-vldl-p_meta-analysis"
"1","33413638_Gomez-Alonso-MDC_s-vldl-tg_meta-analysis"
"1","33413638_Gomez-Alonso-MDC_s-vldl-tg_pct_meta-analysis"
"1","33413638_Gomez-Alonso-MDC_serum-tg_meta-analysis"
"1","33413638_Gomez-Alonso-MDC_tgtopg_meta-analysis"
"1","33413638_Gomez-Alonso-MDC_vldl-tg_meta-analysis"
"1","33413638_Gomez-Alonso-MDC_xs-vldl-tg_meta-analysis"
"1","33413638_Gomez-Alonso-MDC_xs-vldl-tg_pct_meta-analysis"
"1","33499918_Long-P_serum_copper_discovery"
"1","33550919_Huang-R_body_mass_index"
"1","33550919_Huang-R_subcutaneous_fat_thickness"
"1","33622391_Juvinao-Quintero-DL_type_2_diabetes_meta-analysis"
"1","33752734_Yao-C_gene_expression_of_affymetrix_id__2468351__gene_symbol__rsad2__meta-analysis"
"1","33752734_Yao-C_gene_expression_of_affymetrix_id__3772719__gene_symbol__lgals3bp__meta-analysis"
"1","33752734_Yao-C_gene_expression_of_affymetrix_id__3922444__gene_symbol__abcg1__meta-analysis"
"1","33771206_Nabais-MF_neurodegenerative_disorders_meta-analysis_of_als__ad__pd"
"1","Battram-T_c-reactive_protein"
"1","Battram-T_cholesterol_esters_to_total_lipids_ratio_in_very_small_vldl"
"1","Battram-T_concentration_of_small_hdl_particles"
"1","Battram-T_conjugated_linoleic_acid"
"1","Battram-T_free_cholesterol_in_small_hdl"
"1","Battram-T_insulin"
"1","Battram-T_isoleucine"
"1","Battram-T_leucine"
"1","Battram-T_phospholipids_in_small_hdl"
"1","Battram-T_ratio_of_18_2_linoleic_acid_to_total_fatty_acids"
"1","Battram-T_ratio_of_conjugated_linoleic_acid_to_total_fatty_acids"
"1","Battram-T_ratio_of_omega_6_fatty_acids_to_total_fatty_acids"
"1","Battram-T_ribs_bone_mineral_density"
"1","Battram-T_total_cholesterol_to_total_lipids_ratio_in_very_small_vldl"
"1","Battram-T_total_lipids_in_small_hdl"
"1","33550919_Huang-R_waist_circumfrence"
"1","33752734_Yao-C_gene_expression_of_affymetrix_id__2902326__gene_symbol__hcp5__meta-analysis"
"1","33752734_Yao-C_gene_expression_of_affymetrix_id__3868998__gene_symbol__nkg7__meta-analysis"
"1","33752734_Yao-C_gene_expression_of_affymetrix_id__2954280__gene_symbol__pex6__meta-analysis"
"1","33752734_Yao-C_gene_expression_of_affymetrix_id__2928930__gene_symbol__phactr2__meta-analysis"
"2","23177740_Battram-T_age_ewas_catalog_re-analysis_of_geo_data__geo_accession_id_is_gse40279"
"2","23332324_child_abuse"
"2","23526956_clear_cell_renal_carcinoma"
"2","24014485_Petersen-A-K_m00054_tryptophan_no_snps_model"
"2","24014485_Petersen-A-K_m00054_tryptophan_snps_as_covariates_model"
"2","24014485_Petersen-A-K_m01299_tyrosine_no_snps_model"
"2","24014485_Petersen-A-K_m01299_tyrosine_snps_as_covariates_model"
"2","24014485_Petersen-A-K_m21047_3-methyl-2-oxobutyrate_no_snps_model"
"2","24014485_Petersen-A-K_m21047_3-methyl-2-oxobutyrate_snps_as_covariates_model"
"2","24014485_Petersen-A-K_m32388_dodecanedioate_no_snps_model"
"2","24014485_Petersen-A-K_m32388_dodecanedioate_snps_as_covariates_model"
"2","24014485_Petersen-A-K_m32397_3-hydroxy-2-ethylpropionate_no_snps_model"
"2","24014485_Petersen-A-K_m32397_3-hydroxy-2-ethylpropionate_snps_as_covariates_model"
"2","24014485_Petersen-A-K_m32654_3-dehydrocarnitine__no_snps_model"
"2","24014485_Petersen-A-K_m32654_3-dehydrocarnitine__snps_as_covariates_model"
"2","24163245_age"
"2","24603599_Battram-T_frontotemporal_dementia_ewas_catalog_re-analysis_of_geo_data__geo_accession_id_is_gse53740"
"2","24603599_Battram-T_progressive_supranuclear_palsy_ewas_catalog_re-analysis_of_geo_data__geo_accession_id_is_gse53740"
"2","24603599_progressive_supranuclear_palsy"
"2","24630777_body_mass_index_adipose_tissue"
"2","25129075_alzheimers_disease_discovery"
"2","25129075_burden_of_neuritic_amyloid_plaques_discovery_model_1"
"2","25129075_burden_of_neuritic_amyloid_plaques_discovery_model_3"
"2","25129077_alzheimers_disease_braak_stage_crosscortex_model"
"2","25129077_alzheimers_disease_braak_stage_discovery_in_cerebellum"
"2","25129077_alzheimers_disease_braak_stage_discovery_in_entorhinal_cortex"
"2","25129077_alzheimers_disease_braak_stage_discovery_in_prefrontal_cortex"
"2","25129077_alzheimers_disease_braak_stage_discovery_in_superior_temporal_gyrus"
"2","25129077_alzheimers_disease_braak_stage_replication_in_prefrontal_cortex"
"2","25129077_alzheimers_disease_braak_stage_replication_in_superior_temporal_gyrus"
"2","25249537_sex_discovery"
"2","25249537_sex_replication"
"2","25282492_Battram-T_age_ewas_catalog_re-analysis_of_geo_data__geo_accession_id_is_gse61278__compared_fetal_liver_tissue_to_adult_liver_tissue_of_different_individuals"
"2","25282492_fetal_vs_adult_liver"
"2","25324151_migration_in_italy_southtonorth_migrants_vs_northwestern_natives"
"2","25324151_migration_in_italy_southtonorth_migrants_vs_northwestern_natives_adjusted_for_diet"
"2","25324151_migration_in_italy_southtonorth_migrants_vs_southern_natives_adjusted_for_diet"
"2","25404168_age_monocytes"
"2","25404168_age_t_cells"
"2","25650246_gestational_age"
"2","25650246_sex"
"2","25855720_maternal_underweight_adolescence"
"2","25888029_ageing"
"2","25888029_Battram-T_age_ewas_catalog_re-analysis_of_geo_data__geo_accession_id_is_gse58888__compared_nonagenarians_to_adults_aged_19-30"
"2","26244061_breast_cancer"
"2","26292806_atopy_discovery"
"2","26292806_atopy_replication"
"2","26500701_sex_kora_f3"
"2","26500701_sex_kora_f4"
"2","26500701_sex_metaanalysis"
"2","26553366_sex"
"2","26635906_Battram-T_oral_or_pharyngeal_squamous_cell_carcinoma_ewas_catalog_re-analysis_of_geo_data__geo_accession_id_is_gse70977"
"2","26731791_air_pollution_exposure_28day_trailing_average_particle_matter_concentration"
"2","26731791_air_pollution_exposure_7day_trailing_average_particle_matter_concentration"
"2","26743604_Battram-T_psoriasis_ewas_catalog_re-analysis_of_geo_data__geo_accession_id_is_gse73894"
"2","26857698_primary_sjogrens_syndrome_cd19_b_cells"
"2","26857698_primary_sjogrens_syndrome_whole_blood"
"2","26861414_maternal_plasma_folate_generation_r"
"2","26861414_maternal_plasma_folate_metaanalysis"
"2","26861414_maternal_plasma_folate_moba"
"2","26953979_25hydroxyvitamin_d_in_pregnancy_crude_model"
"2","27105112_hiv_infection_discovery"
"2","27105112_hiv_infection_neutrophils"
"2","27236499_cow_milk_allergy_discovery"
"2","27564456_chronic_obstructive_pulmonary_disease"
"2","27572077_schizophrenia_phase_1"
"2","27572077_schizophrenia_phase_2"
"2","27572077_schizophrenia_phase_3"
"2","27717397_gestational_age_last_menstrual_periodestimated_gestational_age"
"2","27717397_gestational_age_ultrasoundestimated_gestational_age"
"2","27886173_Battram-T_ulcerative_colitis_ewas_catalog_re-analysis_of_geo_data__geo_accession_id_is_gse87640"
"2","27993549_Battram-T_total_body_naevus_count_ewas_catalog_re-analysis_of_geo_data__geo_accession_id_is_gse90124"
"2","28069425_total_serum_ige_discovery"
"2","28069425_total_serum_ige_discovery_adjusted_for_cell_counts"
"2","28069425_total_serum_ige_puerto_ricans_only"
"2","28069425_total_serum_ige_puerto_ricans_only_adjusted_for_cell_counts"
"2","28074145_lupus_nephritis_vs_lupus_without_nephritis_discovery"
"2","28213390_serum_lowdensity_lipoprotein_cholesterol_discovery"
"2","28213390_serum_lowdensity_lipoprotein_cholesterol_discovery_adjusted_for_bmi"
"2","28213390_serum_lowdensity_lipoprotein_cholesterol_discovery_and_replication"
"2","28213390_serum_lowdensity_lipoprotein_cholesterol_discovery_and_replication_adjusted_for_bmi"
"2","28213390_serum_total_cholesterol_discovery"
"2","28213390_serum_total_cholesterol_discovery_adjusted_for_bmi"
"2","28213390_serum_total_cholesterol_discovery_and_replication"
"2","28213390_serum_total_cholesterol_discovery_and_replication_adjusted_for_bmi"
"2","28475762_rheumatoid_arthritis_discovery"
"2","28475762_rheumatoid_arthritis_discovery_and_replication"
"2","28550290_nonsyndromic_cleft_lip_and_palate_discovery"
"2","28556291_prenatal_phthalate_exposure_13_weeks_gestation"
"2","28556291_prenatal_phthalate_exposure_26_weeks_gestation"
"2","28556291_prenatal_phthalate_exposure_average_of_measurements_at_13_weeks_and_26_weeks_gestation"
"2","28603561_cleft_palate_vs_cleft_lip"
"2","28603561_cleft_palate_vs_cleft_lip_palate"
"2","28693600_age"
"2","28708104_fruit_consumption"
"2","28708104_juice_consumption"
"2","28785368_attention_deficit_hyperactivity_disorder_longterm_prenatal_exposure_to_paracetamol_versus_controls"
"2","28785368_attention_deficit_hyperactivity_disorder_longterm_prenatal_exposure_to_paracetamol_versus_sporadic_prenatal_exposure_to_paracetamol"
"2","28811542_age"
"2","29016858_Sharp-GC_maternal_body_mass_index_meta-analysis"
"2","29016858_Sharp-GC_maternal_body_mass_index_meta-analysis_adjusted_for_cell_composition"
"2","29016858_Sharp-GC_maternal_overweight_obesity_meta-analysis"
"2","29016858_Sharp-GC_maternal_overweight_obesity_meta-analysis_adjusted_for_cell_composition"
"2","29084233_Mandaviya-PR_homocysteine_grs_meta-analysis"
"2","29084233_Mandaviya-PR_homocysteine__mthfr_677c_t__meta-analysis"
"2","29383109_Battram-T_age_ewas_catalog_re-analysis_of_geo_data__geo_accession_id_is_gse101961"
"2","29410382_Lichtenfels-AJ_nitrogen_dioxide_exposure"
"2","29496485_Xu-C-J_asthma_discovery_adjusted_for_cell_composition_excluding_eosinophils_at_age_5"
"2","29496485_Xu-C-J_asthma_discovery_adjusted_for_cell_composition_excluding_eosinophils_at_age_8"
"2","29496485_Xu-C-J_asthma_discovery_adjusted_for_cell_composition_including_eosinophils_at_age_8"
"2","29496485_Xu-C-J_asthma_meta-analysis_of_discovery_and_replication_at_age_5"
"2","29496485_Xu-C-J_asthma_meta-analysis_of_discovery_and_replication_at_age_8"
"2","29550519_Battram-T_alzheimer_s_disease_ewas_catalog_re-analysis_of_geo_data__geo_accession_id_is_gse80970"
"2","30264654_Wang-Y_aging"
"2","30291105_Battram-T_age_ewas_catalog_re-analysis_of_geo_data__geo_accession_id_is_gse113904"
"2","30343628_Carmona-JJ_lung_function_decline_discovery__fev1__lung_function_decline_in_this_paper_is_defined_as_a_decrease_in_fev1_between_visits_"
"2","30343628_Carmona-JJ_lung_function_decline_discovery__fvc__lung_function_decline_in_this_paper_is_defined_as_a_decrease_in_fvc_between_visits_"
"2","30579849_Reese-SE_asthma_meta-analysis_with_dnam_measured_in_children"
"2","30602389_Battram-T_tissue_ewas_catalog_re-analysis_of_geo_data__geo_accession_id_is_gse124366__tissue_types_are_buccal_epithelial_cells_and_peripheral_blood_mononuclear_cells"
"2","30736859_Lund-JB_mortality_cox_regression"
"2","30966880_Hannon-E_birthweight"
"2","30966880_Hannon-E_gestational_age"
"2","30989176_Xu-Z_breast_cancer_case_vs_control_discovery"
"2","30989176_Xu-Z_breast_cancer_case_vs_control_replication"
"2","31230546_Kazmi-N_hypertensive_disorders_of_pregnancy_meta_analysis_adjusted_model"
"2","31230546_Kazmi-N_hypertensive_disorders_of_pregnancy_meta_analysis_unadjusted_model"
"2","31230546_Kazmi-N_preeclampsia_meta_analysis_unadjusted_model"
"2","31324826_Shiau-S_perinatally_acquired_hiv"
"2","31426852_Tajuddin-SM_age_in_african_american_individuals"
"2","31426852_Tajuddin-SM_age_in_white_individuals"
"2","31506065_Jansen-R_age_females_only__methylspectrum_to_derive_cell_composition"
"2","31506065_Jansen-R_age_females_only__reffreeewas_to_derive_cell_composition"
"2","31506065_Jansen-R_age_males_only__methylspectrum_to_derive_cell_composition"
"2","31892350_McCartney-DL_age_discovery_using_moment__mixed_linear_model-based_method_"
"2","31892350_McCartney-DL_age_replication_using_moment__mixed_linear_model-based_method_"
"2","31892350_McCartney-DL_sex_discovery_using_moment__mixed_linear_model-based_method_"
"2","31892350_McCartney-DL_sex_replication_using_moment__mixed_linear_model-based_method_"
"2","32190749_Chen-S_pubertal_timing_females_only_pt_measured_by_age_at_menarche"
"2","32190749_Chen-S_pubertal_timing_females_only_pt_measured_by_body_hair_growth"
"2","32190749_Chen-S_pubertal_timing_females_only_pt_measured_by_breast_growth"
"2","32190749_Chen-S_pubertal_timing_females_only_pt_measured_by_growth_spurt"
"2","32190749_Chen-S_pubertal_timing_females_only_pt_measured_by_skin_change"
"2","32190749_Chen-S_pubertal_timing_males_only_pt_measured_by_body_hair_growth"
"2","32190749_Chen-S_pubertal_timing_males_only_pt_measured_by_facial_hair_growth"
"2","32190749_Chen-S_pubertal_timing_males_only_pt_measured_by_growth_spurt"
"2","32190749_Chen-S_pubertal_timing_males_only_pt_measured_by_skin_change"
"2","32190749_Chen-S_pubertal_timing_males_only_pt_measured_by_voice_change"
"2","32202197_Soriano-Tarraga-C_ischaemic_stroke"
"2","32202197_Soriano-Tarraga-C_ischaemic_stroke_meta_analysis"
"2","32484729_Eze-Inkenna_train_noise_pollution"
"2","33151971_Antoun-E_1-hour_glucose"
"2","33151971_Antoun-E_1-hour_glucose_adjusted_for_gestational_age_at_ogtt"
"2","33151971_Antoun-E_1-hour_glucose_adjusted_for_intervention"
"2","33151971_Antoun-E_2-hour_glucose"
"2","33151971_Antoun-E_gestational_diabetes_milletus"
"2","33151971_Antoun-E_gestational_diabetes_milletus_adjusted_for_bmi"
"2","33151971_Antoun-E_gestational_diabetes_milletus_adjusted_for_gestational_age_at_ogtt"
"2","33151971_Antoun-E_gestational_diabetes_milletus_adjusted_for_intervention"
"2","33257653_Zhang-L_alzheimers_disease_braak_stage_meta-analysis"
"2","33279932_Li-M_schizophrenia_adjusted_for_cell_composition"
"2","33279932_Li-M_schizophrenia_main"
"2","33338541_Xu-CJ_allergy_meta-analysis"
"2","33356526_Starling-PS_maternal_serum_perfluorononanoate__pfna__discovery"
"2","33356526_Starling-PS_maternal_serum_polyfluoroalkyl_exposure__pfoa__discovery"
"2","33450751_Mulder-RH_age_model_1_with_age_as_a_random_effect"
"2","33450751_Mulder-RH_age_model_2_at_6y_with_age_as_a_random_effect"
"2","33450751_Mulder-RH_age_model_2_at_9y_with_age_as_a_fixed_effect"
"2","33450751_Mulder-RH_age_model_2_at_9y_with_age_as_a_random_effect"
"2","33450751_Mulder-RH_age_sex_discovery"
"2","33450751_Mulder-RH_sex_discovery"
"2","33468710_Kachroo-P_age_adult_age"
"2","33517419_Sharp-G_maternal_body_mass_index_adjusted_for_paternal_bmi_using_cord_blood"
"2","33517419_Sharp-G_maternal_body_mass_index_adjusted_for_paternal_bmi_using_cord_blood_in_females_only"
"2","33517419_Sharp-G_maternal_body_mass_index_adjusted_for_paternal_bmi_using_cord_blood_in_males_only"
"2","33517419_Sharp-G_maternal_body_mass_index_unadjusted_for_paternal_bmi_using_cord_blood"
"2","33564054_Kashima-K_gestational_age"
"2","33646943_Hannon-E_psychosis_fixed_effects_meta-analysis"
"2","33646943_Hannon-E_psychosis_random_effects_meta-analysis"
"2","33646943_Hannon-E_schizophrenia_fixed_effects_meta-analysis"
"2","33646943_Hannon-E_schizophrenia_random_effects_meta-analysis"
"2","33752734_Yao-C_gene_expression_of_affymetrix_id__3665550__gene_symbol__fam65a__meta-analysis"
"2","33752734_Yao-C_gene_expression_of_affymetrix_id__3704376__gene_symbol__piezo1__meta-analysis"
"2","33784941_Antoun-E_birthweight"
"2","33823916_Song-N_cancer_treatment__alkylating_agents__classic"
"2","33823916_Song-N_cancer_treatment__anti-metabolites"
"2","33823916_Song-N_cancer_treatment__antimetabolites_and_asparaginase_enzymes"
"2","33823916_Song-N_cancer_treatment__antimetabolites_and_vinca_alkaloids"
"2","33823916_Song-N_cancer_treatment__asparaginase_enzymes"
"2","33823916_Song-N_cancer_treatment__asparaginase_enzymes_and_corticosteroids"
"2","33823916_Song-N_cancer_treatment__asparaginase_enzymes_and_epipodophyllotoxins"
"2","33823916_Song-N_cancer_treatment__chest-rt"
"2","33823916_Song-N_cancer_treatment__chest-rt_and_abdomen-rt"
"2","33823916_Song-N_cancer_treatment__chest-rt_and_pelvis-rt"
"2","33823916_Song-N_cancer_treatment__pelvis-rt"
"2","Battram-T_cholesterol_esters_to_total_lipids_ratio_in_chylomicrons_and_xxl_vldl"
"2","33752734_Yao-C_gene_expression_of_affymetrix_id__2947889__gene_symbol__gabbr1__meta-analysis"
"2","33752734_Yao-C_gene_expression_of_affymetrix_id__2891241__gene_symbol__dusp22__meta-analysis"
"3","22232023_smoking_current_vs_never_smoking"
"3","22851337_Joubert-BR_maternal_smoking_four_categories_of_smoke_exposure_derived_from_cotinine_measurements"
"3","23175441_smoking_breast_cancer_cohort"
"3","23175441_smoking_colon_cancer_cohort"
"3","23691101_smoking_current_vs_never_smoking_discovery"
"3","23691101_smoking_current_vs_never_smoking_replication"
"3","23691101_smoking_former_vs_never_smoking"
"3","24014485_Petersen-A-K_m15749_3-phenylpropionate_hydrocinnamate_no_snps_model"
"3","24014485_Petersen-A-K_m15749_3-phenylpropionate_hydrocinnamate_snps_as_covariates_model"
"3","24014485_Petersen-A-K_m32761_x-11444_no_snps_model"
"3","24014485_Petersen-A-K_m32761_x-11444_snps_as_covariates_model"
"3","24014485_Petersen-A-K_m36098_4-vinylphenol_sulfate_no_snps_model"
"3","24014485_Petersen-A-K_m36098_4-vinylphenol_sulfate_snps_as_covariates_model"
"3","24120260_smoking"
"3","24334605_smoking"
"3","24500968_pancreatic_ductal_adenocarcinoma"
"3","24559495_Battram-T_smoking_ewas_catalog_re-analysis_of_geo_data__geo_accession_id_is_gse53045"
"3","24559495_smoking"
"3","24561991_birth_weight"
"3","24561991_birth_weight_adjusted_for_cell_counts"
"3","24906187_maternal_smoking_during_pregnancy_model_1"
"3","24906187_maternal_smoking_during_pregnancy_model_2"
"3","25249537_smoking_current_vs_never_smoking_discovery"
"3","25249537_smoking_current_vs_never_smoking_replication"
"3","25325234_maternal_smoking_in_pregnancy_discovery"
"3","25325234_maternal_smoking_in_pregnancy_discovery_adjusted_for_current_participant_and_parent_smoking"
"3","25325234_maternal_smoking_in_pregnancy_discovery_adjusted_for_current_participant_smoking"
"3","25325234_maternal_smoking_in_pregnancy_replication_at_age_7"
"3","25325234_maternal_smoking_in_pregnancy_replication_at_age_7_adjusted_for_current_parent_smoking"
"3","25325234_maternal_smoking_in_pregnancy_replication_at_birth"
"3","25424692_Battram-T_smoking_ewas_catalog_re-analysis_of_geo_data__geo_accession_id_is_gse50660__former_vs_current_smokers"
"3","25424692_Battram-T_smoking_ewas_catalog_re-analysis_of_geo_data__geo_accession_id_is_gse50660__never_vs_current_smokers"
"3","25424692_Battram-T_smoking_ewas_catalog_re-analysis_of_geo_data__geo_accession_id_is_gse50660__never_vs_former_smokers"
"3","25424692_smoking"
"3","25552657_maternal_smoking_in_pregnancy_adjusted_model"
"3","25552657_maternal_smoking_in_pregnancy_unadjusted_model"
"3","25556184_smoking_current_vs_never_smoking"
"3","25556184_smoking_former_vs_never_smoking"
"3","25663950_smoking"
"3","26181258_smoking_discovery"
"3","26181258_smoking_replication"
"3","26181258_smoking_whole_blood"
"3","26441693_smoking"
"3","26619905_wellbeing"
"3","26667048_lung_cancer"
"3","26756918_smoking"
"3","26826776_serum_cotinine_discovery"
"3","26826776_serum_cotinine_replication"
"3","26829059_smoking_current_vs_never_smoking"
"3","26829059_smoking_current_vs_never_smoking_adjusted_for_cell_counts"
"3","26829059_smoking_smoking_status"
"3","26864933_smoking_current_vs_never_smoking"
"3","26864933_smoking_former_vs_never_smoking"
"3","27040690_maternal_smoking_in_pregnancy_any_maternal_smoking_in_pregnancy_effect_on_newborns"
"3","27040690_maternal_smoking_in_pregnancy_sustained_maternal_smoking_in_pregnancy_effect_on_newborns"
"3","27040690_maternal_smoking_in_pregnancy_sustained_maternal_smoking_in_pregnancy_effect_on_newborns_adjusted_for_cell_counts"
"3","27040690_maternal_smoking_in_pregnancy_sustained_maternal_smoking_in_pregnancy_effect_on_older_children"
"3","27105112_hiv_infection_cd4_tcells"
"3","27171005_maternal_smoking_during_pregnancy_discovery"
"3","27171005_maternal_smoking_during_pregnancy_replication_seed"
"3","27358653_Battram-T_fetal_alcohol_spectrum_disorder_ewas_catalog_re-analysis_of_geo_data__geo_accession_id_is_gse80261"
"3","27358653_fetal_alcohol_spectrum_disorder"
"3","27651444_smoking_current_vs_never_smoking"
"3","27651444_smoking_former_vs_never_smoking"
"3","27824951_creactive_protein_kora_f4_discovery"
"3","27843151_alcohol_consumption_per_day_african_ancestry"
"3","27843151_alcohol_consumption_per_day_cd14_monocytes"
"3","27843151_alcohol_consumption_per_day_european_ancestry"
"3","27891191_birth_weightforgestational_age"
"3","28056824_age_4_vs_age_0"
"3","28225026_tobacco_smoking"
"3","28686328_smoking"
"3","29055820_Wahl-A_igg_glycosylation_measure_-_gp10"
"3","29055820_Wahl-A_igg_glycosylation_measure_-_igp39"
"3","29055820_Wahl-A_igg_glycosylation_measure_-_igp40"
"3","29055820_Wahl-A_igg_glycosylation_measure_-_igp49"
"3","29055820_Wahl-A_igg_glycosylation_measure_-_igp62"
"3","29055820_Wahl-A_igg_glycosylation_measure_-_igp63"
"3","29055820_Wahl-A_igg_glycosylation_measure_-_igp64"
"3","29055820_Wahl-A_igg_glycosylation_measure_-_igp66"
"3","29055820_Wahl-A_igg_glycosylation_measure_-_igp67"
"3","29055820_Wahl-A_igg_glycosylation_measure_-_igp68"
"3","29055820_Wahl-A_igg_glycosylation_measure_-_igp69"
"3","29055820_Wahl-A_igg_glycosylation_measure_-_igp70"
"3","29055820_Wahl-A_igg_glycosylation_measure_-_igp71"
"3","29055820_Wahl-A_igg_glycosylation_measure_-_igp72"
"3","29055820_Wahl-A_igg_glycosylation_measure_-_igp74"
"3","29055820_Wahl-A_igg_glycosylation_measure_-_igp75"
"3","29055820_Wahl-A_igg_glycosylation_measure_-_lc_igp43"
"3","29055820_Wahl-A_igg_glycosylation_measure_-_lc_igp45"
"3","29086770_educational_attainment_adjusted_model"
"3","29086770_educational_attainment_basic_model"
"3","29097680_Chu-A._chronic_kidney_disease_meta-analysis_of_estimated_glomerular_filtration_rate_ewas"
"3","29097680_Chu-A._chronic_kidney_disease_meta-analysis_of_prevalent_ckd_ewas"
"3","29311653_Marioni-R_cognitive_abilities__digit_test_basic_adjusted_model"
"3","29311653_Marioni-R_cognitive_abilities___digit_test_fully_adjusted_model"
"3","29325449_Marzi-SJ_smoking"
"3","29326313_Fernández-Sanlés-A._cardiovascular_risk_age-independent_cardiovascular_risk_was_determined_via_the_delta_age_approach__results_meta-analysesd_across_discovery_and_replicaton_cohorts"
"3","29326313_Fernández-Sanlés-A._cardiovascular_risk_age-independent_cardiovascular_risk_was_determined_via_the_residuals_approach__results_meta-analysesd_across_discovery_and_replicaton_cohorts"
"3","29419728_Svane-AM_mortality_discovery_cox_regression"
"3","30343628_Carmona-JJ_lung_function_discovery__fef25_-75__measurements_used_to_measure_lung_function"
"3","30343628_Carmona-JJ_lung_function_discovery__fev1"
"3","30343628_Carmona-JJ_lung_function_discovery__fvc_measurements_used_to_measure_lung_function"
"3","30631468_van-Dongen-J_educational_attainment_model_1"
"3","30631468_van-Dongen-J_educational_attainment_model_2"
"3","30631468_van-Dongen-J_educational_attainment_model_3"
"3","30915882_Barcelona-V_smoking_discovery"
"3","30915882_Barcelona-V_smoking_replication"
"3","30935889_Birmingham-M_fev1"
"3","30935889_Birmingham-M_fev1_fvc"
"3","30966880_Hannon-E_maternal_smoking"
"3","31015461_Kupers-L_birthweight_meta_analysis_all_ancestries"
"3","31015461_Kupers-L_birthweight_meta_analysis_european_ancestry_only"
"3","31015461_Kupers-L_birthweight_meta_analysis_high_vs_normal_birthweight"
"3","31073081_Imboden-M_fev1_meta-analysis"
"3","31073081_Imboden-M_fev1___fvc_meta-analysis"
"3","31073081_Imboden-M_fvc_meta-analysis"
"3","31262328_Wiklund-P._maternal_smoking_meta-analysis"
"3","31262328_Wiklund-P._maternal_smoking_meta-analysis_in_never_smokers_only"
"3","31461406_Lee-Y_leukocyte_telomere_length_african_female_meta-analysis"
"3","31461406_Lee-Y_leukocyte_telomere_length_african_male_meta-analysis"
"3","31461406_Lee-Y_leukocyte_telomere_length_european_female_meta-analysis"
"3","31461406_Lee-Y_leukocyte_telomere_length_european_male_meta-analysis"
"3","31461406_Lee-Y_leukocyte_telomere_length_global_meta-analysis"
"3","31536415_Sikdar-S_prenatal_smoke_exposure_inverse_varience-weighted_fixed-effects_meta-analysis"
"3","31536415_Sikdar-S_smoking_random_effects_meta-analysis"
"3","31552803_Dugue-PA_smoking_current_vs_never_smoking"
"3","31552803_Dugue-PA_smoking_former_vs_never_smoking"
"3","31789449_Dugue-P-A_alcohol_consumption_lifetime_consumption_discovery"
"3","31789449_Dugue-P-A_alcohol_consumption_previous_decade_consumption_discovery"
"3","31789449_Dugue-P-A_alcohol_consumption_previous_week_consumption_discovery"
"3","31789449_Dugue-P-A_alcohol_consumption_replication"
"3","31910897_Cronjé-HT_smoking"
"3","32034291_Liang-X_alcohol_consumption_meta_analysis_with_phosphatidylethanol_used_as_measure_for_ac"
"3","32478847_Reuben-A._place_of_residence_replication__generalized_estimating_equations__adjusting_for_smoking"
"3","32478847_Reuben-A._place_of_residence_replication__generalized_estimating_equations__adjusting_for_socioeconomic_position"
"3","32478847_Reuben-A._place_of_residence_replication__generalized_estimating_equations__without_adjusting_for_smoking"
"3","32484362_Domingo-Relloso-A_smoking_current_vs_never"
"3","32484362_Domingo-Relloso-A_smoking_former_vs_never"
"3","32484362_Domingo-Relloso-A_smoking_pack_years"
"3","32484362_Domingo-Relloso-A_urinary_cadmium"
"3","32525743_Ma-J_healthy_eating_european_meta-analysis"
"3","32525743_Ma-J_mediterranean_diet_european_meta-analysis"
"3","32525743_Ma-J_mediterranean_diet_trans-ethnic_meta-analysis"
"3","33235198_Smith-AK_post-traumatic_stress_disorder_meta-analysis"
"3","33277923_Stephenson-M_alcohol_consumption_discovery"
"3","33277923_Stephenson-M_alcohol_consumption_mz_within-pair_model"
"3","33420481_van-Dongen-J_aggressive_behaviour_fully_adjusted_meta-analysis_in_cord_blood"
"3","33420481_van-Dongen-J_aggressive_behaviour_fully_adjusted_meta-analysis_in_whole_blood"
"3","33420481_van-Dongen-J_aggressive_behaviour_meta-analysis_in_cord_blood"
"3","33420481_van-Dongen-J_aggressive_behaviour_meta-analysis_in_whole_blood"
"3","33450751_Mulder-RH_age_model_1_with_age_as_a_fixed_effect"
"3","33450751_Mulder-RH_age_model_2_at_6y_with_age_as_a_fixed_effect"
"3","33564054_Kashima-K_birth_weight"
"3","33593402_Christiansen-C_smoking_current_vs_never_smoking_meta-analysis_in_european_samples"
"3","33593402_Christiansen-C_smoking_current_vs_never_smoking_meta-analysis_in_trans-ethnic_samples"
"3","33593402_Christiansen-C_smoking_former_vs_never_smoking_meta-analysis_in_european_samples"
"3","33663600_Xu-R_maternal_smoking_discovery"
"3","33663600_Xu-R_maternal_smoking_discovery__black_only"
"3","33729499_Sun-Y-Q_lung_cancer"
"3","33729499_Sun-Y-Q_smoking"
"3","33748261_Terzikhan-N_diffusing_capacity_of_the_lung_for_carbon_monoxide_per_alveolar_volume__dlco_va__discovery_adjusted_for_weight_and_height"
"3","33748261_Terzikhan-N_diffusing_capacity_of_the_lung_for_carbon_monoxide_per_alveolar_volume__dlco_va__replication_adjusted_for_weight_and_height"
"3","Battram-T_haemoglobin_fasting"
"3","33752734_Yao-C_gene_expression_of_affymetrix_id__3035892__gene_symbol__gna12__meta-analysis"
"3","33752734_Yao-C_gene_expression_of_affymetrix_id__3019158__gene_symbol__lrrn3__meta-analysis"
"3","33752734_Yao-C_gene_expression_of_affymetrix_id__3643938__gene_symbol__tmem204__meta-analysis"
"3","33752734_Yao-C_gene_expression_of_affymetrix_id__3042919__gene_symbol__mir196b__meta-analysis"
"4","26953979_25hydroxyvitamin_d_in_pregnancy_full_model"
"4","Battram-T_android_bone_mass"
"4","Battram-T_android_fat_free_mass"
"4","Battram-T_android_fat_mass"
"4","Battram-T_android_lean_mass"
"4","Battram-T_android_region_fat"
"4","Battram-T_android_tissue_fat"
"4","Battram-T_android_tissue_mass"
"4","Battram-T_android_total_mass"
"4","Battram-T_arms_tissue_mass"
"4","Battram-T_arm_area"
"4","Battram-T_arm_bone_mass"
"4","Battram-T_arm_bone_mineral_content"
"4","Battram-T_arm_bone_mineral_density"
"4","Battram-T_arm_circumference"
"4","Battram-T_arm_fat_free_mass"
"4","Battram-T_arm_fat_mass"
"4","Battram-T_arm_lean_mass"
"4","Battram-T_arm_region_fat"
"4","Battram-T_arm_tissue_fat"
"4","Battram-T_arm_total_mass"
"4","Battram-T_body_mass_index"
"4","Battram-T_cross_sectional_moment_of_inertia__hip_measurement_"
"4","Battram-T_gynoid_bone_mass"
"4","Battram-T_gynoid_fat_free_mass"
"4","Battram-T_gynoid_fat_mass"
"4","Battram-T_gynoid_lean_mass"
"4","Battram-T_gynoid_region_fat"
"4","Battram-T_gynoid_tissue_fat"
"4","Battram-T_gynoid_tissue_mass"
"4","Battram-T_gynoid_total_mass"
"4","Battram-T_head_bone_mineral_content"
"4","Battram-T_head_bone_mineral_density"
"4","Battram-T_height"
"4","Battram-T_hip_axis_length"
"4","Battram-T_hip_bone_cross_sectional_area"
"4","Battram-T_hip_circumference"
"4","Battram-T_hip_cortical_ratio_shaft"
"4","Battram-T_hip_cortical_width_shaft"
"4","Battram-T_hip_lower_neck_area"
"4","Battram-T_hip_lower_neck_bone_mineral_content"
"4","Battram-T_hip_lower_neck_bone_mineral_density"
"4","Battram-T_hip_neck_area"
"4","Battram-T_hip_neck_bone_mineral_content"
"4","Battram-T_hip_neck_bone_mineral_density"
"4","Battram-T_hip_neck_t_score"
"4","Battram-T_hip_neck_z_score"
"4","Battram-T_hip_shaft_bone_mineral_content"
"4","Battram-T_hip_shaft_bone_mineral_density"
"4","Battram-T_hip_total_area"
"4","Battram-T_hip_total_bone_mineral_content"
"4","Battram-T_hip_total_bone_mineral_density"
"4","Battram-T_hip_total_t_score"
"4","Battram-T_hip_total_z_score"
"4","Battram-T_hip_trochanter_area"
"4","Battram-T_hip_trochanter_bone_mineral_content"
"4","Battram-T_hip_trochanter_bone_mineral_density"
"4","Battram-T_hip_trochanter_t_score"
"4","Battram-T_hip_trochanter_z_score"
"4","Battram-T_hip_upper_neck_area"
"4","Battram-T_hip_upper_neck_bone_mineral_content"
"4","Battram-T_hip_upper_neck_bone_mineral_density"
"4","Battram-T_hip_upper_neck_t_score"
"4","Battram-T_hip_upper_neck_z_score"
"4","Battram-T_hip_ward_s_triangle_area"
"4","Battram-T_hip_ward_s_triangle_bone_mineral_content"
"4","Battram-T_hip_ward_s_triangle_bone_mineral_density"
"4","Battram-T_hip_ward_s_triangle_t_score"
"4","Battram-T_hip_ward_s_triangle_z_score"
"4","Battram-T_insulin_fasting"
"4","Battram-T_leg_area"
"4","Battram-T_leg_bone_mass"
"4","Battram-T_leg_bone_mineral_content"
"4","Battram-T_leg_bone_mineral_density"
"4","Battram-T_leg_fat_free_mass"
"4","Battram-T_leg_fat_mass"
"4","Battram-T_leg_lean_mass"
"4","Battram-T_leg_length"
"4","Battram-T_leg_region_fat"
"4","Battram-T_leg_tissue_fat"
"4","Battram-T_leg_tissue_mass"
"4","Battram-T_leg_total_mass"
"4","Battram-T_pelvis_area"
"4","Battram-T_pelvis_bone_mineral_content"
"4","Battram-T_pelvis_bone_mineral_density"
"4","Battram-T_ribs_area"
"4","Battram-T_ribs_bone_mineral_content"
"4","Battram-T_spine_area"
"4","Battram-T_spine_bone_mineral_content"
"4","Battram-T_spine_bone_mineral_density"
"4","Battram-T_total_body_area"
"4","Battram-T_total_body_bone_mass"
"4","Battram-T_total_body_bone_mineral_content"
"4","Battram-T_total_body_bone_mineral_density"
"4","Battram-T_total_body_mass"
"4","Battram-T_total_body_t_score"
"4","Battram-T_total_body_z_score"
"4","Battram-T_total_fat_free_mass"
"4","Battram-T_total_fat_mass"
"4","Battram-T_total_lean_mass"
"4","Battram-T_total_region_fat"
"4","Battram-T_total_tissue_fat"
"4","Battram-T_total_tissue_mass"
"4","Battram-T_trunk_area"
"4","Battram-T_trunk_bone_mass"
"4","Battram-T_trunk_bone_mineral_content"
"4","Battram-T_trunk_bone_mineral_density"
"4","Battram-T_trunk_fat_free_mass"
"4","Battram-T_trunk_fat_mass"
"4","Battram-T_trunk_lean_mass"
"4","Battram-T_trunk_region_fat"
"4","Battram-T_trunk_tissue_fat"
"4","Battram-T_trunk_tissue_mass"
"4","Battram-T_trunk_total_mass"
"4","Battram-T_waist_circumference"
"4","Battram-T_weight"
"4","Battram-T_sitting_height"
"5","Battram-T_apolipoprotein_a-i"
"5","Battram-T_cholesterol_esters_in_chylomicrons_and_extremely_large_vldl"
"5","Battram-T_cholesterol_esters_in_large_hdl"
"5","Battram-T_cholesterol_esters_in_large_vldl"
"5","Battram-T_cholesterol_esters_in_medium_hdl"
"5","Battram-T_cholesterol_esters_in_medium_vldl"
"5","Battram-T_cholesterol_esters_in_very_large_hdl"
"5","Battram-T_cholesterol_esters_in_very_large_vldl"
"5","Battram-T_cholesterol_esters_to_total_lipids_ratio_in_idl"
"5","Battram-T_cholesterol_esters_to_total_lipids_ratio_in_large_hdl"
"5","Battram-T_cholesterol_esters_to_total_lipids_ratio_in_medium_hdl"
"5","Battram-T_cholesterol_esters_to_total_lipids_ratio_in_small_vldl"
"5","Battram-T_concentration_of_chylomicrons_and_extremely_large_vldl_particles"
"5","Battram-T_concentration_of_large_hdl_particles"
"5","Battram-T_concentration_of_large_vldl_particles"
"5","Battram-T_concentration_of_medium_hdl_particles"
"5","Battram-T_concentration_of_medium_vldl_particles"
"5","Battram-T_concentration_of_small_vldl_particles"
"5","Battram-T_concentration_of_very_large_hdl_particles"
"5","Battram-T_concentration_of_very_large_vldl_particles"
"5","Battram-T_diacylglycerol"
"5","Battram-T_estimated_description_of_fatty_acid_chain_length_not_actual_carbon_number"
"5","Battram-T_free_cholesterol_in_chylomicrons_and_extremely_large_vldl"
"5","Battram-T_free_cholesterol_in_large_hdl"
"5","Battram-T_free_cholesterol_in_large_vldl"
"5","Battram-T_free_cholesterol_in_medium_hdl"
"5","Battram-T_free_cholesterol_in_medium_vldl"
"5","Battram-T_free_cholesterol_in_small_vldl"
"5","Battram-T_free_cholesterol_in_very_large_hdl"
"5","Battram-T_free_cholesterol_in_very_large_vldl"
"5","Battram-T_free_cholesterol_to_total_lipids_ratio_in_chylomicrons_and_xxl_vldl"
"5","Battram-T_free_cholesterol_to_total_lipids_ratio_in_idl"
"5","Battram-T_free_cholesterol_to_total_lipids_ratio_in_large_hdl"
"5","Battram-T_free_cholesterol_to_total_lipids_ratio_in_large_ldl"
"5","Battram-T_free_cholesterol_to_total_lipids_ratio_in_large_vldl"
"5","Battram-T_free_cholesterol_to_total_lipids_ratio_in_medium_hdl"
"5","Battram-T_free_cholesterol_to_total_lipids_ratio_in_very_small_vldl"
"5","Battram-T_glycoprotein_acetyls"
"5","Battram-T_hdl_cholesterol_fasting"
"5","Battram-T_mean_diameter_for_hdl_particles"
"5","Battram-T_mean_diameter_for_vldl_particles"
"5","Battram-T_monounsaturated_fatty_acids_16_1_18_1"
"5","Battram-T_phospholipids_in_chylomicrons_and_extremely_large_vldl"
"5","Battram-T_phospholipids_in_large_hdl"
"5","Battram-T_phospholipids_in_large_vldl"
"5","Battram-T_phospholipids_in_medium_hdl"
"5","Battram-T_phospholipids_in_medium_vldl"
"5","Battram-T_phospholipids_in_small_vldl"
"5","Battram-T_phospholipids_in_very_large_hdl"
"5","Battram-T_phospholipids_in_very_large_vldl"
"5","Battram-T_phospholipids_to_total_lipids_ratio_in_large_hdl"
"5","Battram-T_phospholipids_to_total_lipids_ratio_in_medium_hdl"
"5","Battram-T_phospholipids_to_total_lipids_ratio_in_medium_vldl"
"5","Battram-T_ratio_of_diacylglycerol_to_triglycerides"
"5","Battram-T_ratio_of_monounsaturated_fatty_acids_to_total_fatty_acids"
"5","Battram-T_ratio_of_polyunsaturated_fatty_acids_to_total_fatty_acids"
"5","Battram-T_ratio_of_triglycerides_to_phosphoglycerides"
"5","Battram-T_serum_total_triglycerides"
"5","Battram-T_total_cholesterol_in_chylomicrons_and_extremely_large_vldl"
"5","Battram-T_total_cholesterol_in_hdl"
"5","Battram-T_total_cholesterol_in_hdl2"
"5","Battram-T_total_cholesterol_in_hdl3"
"5","Battram-T_total_cholesterol_in_large_hdl"
"5","Battram-T_total_cholesterol_in_large_vldl"
"5","Battram-T_total_cholesterol_in_medium_hdl"
"5","Battram-T_total_cholesterol_in_medium_vldl"
"5","Battram-T_total_cholesterol_in_very_large_hdl"
"5","Battram-T_total_cholesterol_in_very_large_vldl"
"5","Battram-T_total_cholesterol_in_vldl"
"5","Battram-T_total_cholesterol_to_total_lipids_ratio_in_idl"
"5","Battram-T_total_cholesterol_to_total_lipids_ratio_in_large_hdl"
"5","Battram-T_total_cholesterol_to_total_lipids_ratio_in_medium_hdl"
"5","Battram-T_total_cholesterol_to_total_lipids_ratio_in_small_vldl"
"5","Battram-T_total_lipids_in_chylomicrons_and_extremely_large_vldl"
"5","Battram-T_total_lipids_in_large_hdl"
"5","Battram-T_total_lipids_in_large_vldl"
"5","Battram-T_total_lipids_in_medium_hdl"
"5","Battram-T_total_lipids_in_medium_vldl"
"5","Battram-T_total_lipids_in_small_vldl"
"5","Battram-T_total_lipids_in_very_large_hdl"
"5","Battram-T_total_lipids_in_very_large_vldl"
"5","Battram-T_triglycerides_fasting"
"5","Battram-T_triglycerides_in_chylomicrons_and_extremely_large_vldl"
"5","Battram-T_triglycerides_in_hdl"
"5","Battram-T_triglycerides_in_large_hdl"
"5","Battram-T_triglycerides_in_large_vldl"
"5","Battram-T_triglycerides_in_medium_hdl"
"5","Battram-T_triglycerides_in_medium_vldl"
"5","Battram-T_triglycerides_in_small_hdl"
"5","Battram-T_triglycerides_in_small_vldl"
"5","Battram-T_triglycerides_in_very_large_hdl"
"5","Battram-T_triglycerides_in_very_large_vldl"
"5","Battram-T_triglycerides_in_very_small_vldl"
"5","Battram-T_triglycerides_in_vldl"
"5","Battram-T_triglycerides_to_total_lipids_ratio_in_idl"
"5","Battram-T_triglycerides_to_total_lipids_ratio_in_large_hdl"
"5","Battram-T_triglycerides_to_total_lipids_ratio_in_large_ldl"
"5","Battram-T_triglycerides_to_total_lipids_ratio_in_medium_hdl"
"5","Battram-T_triglycerides_to_total_lipids_ratio_in_medium_ldl"
"5","Battram-T_triglycerides_to_total_lipids_ratio_in_small_hdl"
"5","Battram-T_triglycerides_to_total_lipids_ratio_in_small_ldl"
"5","Battram-T_triglycerides_to_total_lipids_ratio_in_small_vldl"
"5","Battram-T_triglycerides_to_total_lipids_ratio_in_very_large_hdl"
"5","Battram-T_triglycerides_to_total_lipids_ratio_in_very_small_vldl"
"5","Battram-T_vldl_cholesterol_fasting"
"6","Battram-T_18_2_linoleic_acid"
"6","Battram-T_apolipoprotein_b"
"6","Battram-T_cholesterol_esters_in_idl"
"6","Battram-T_cholesterol_esters_in_large_ldl"
"6","Battram-T_cholesterol_esters_in_medium_ldl"
"6","Battram-T_cholesterol_esters_in_small_hdl"
"6","Battram-T_cholesterol_esters_in_small_ldl"
"6","Battram-T_cholesterol_esters_in_small_vldl"
"6","Battram-T_cholesterol_esters_in_very_small_vldl"
"6","Battram-T_cholesterol_esters_to_total_lipids_ratio_in_large_ldl"
"6","Battram-T_cholesterol_esters_to_total_lipids_ratio_in_large_vldl"
"6","Battram-T_cholesterol_esters_to_total_lipids_ratio_in_medium_ldl"
"6","Battram-T_cholesterol_esters_to_total_lipids_ratio_in_small_hdl"
"6","Battram-T_cholesterol_esters_to_total_lipids_ratio_in_small_ldl"
"6","Battram-T_cholesterol_fasting"
"6","Battram-T_concentration_of_idl_particles"
"6","Battram-T_concentration_of_large_ldl_particles"
"6","Battram-T_concentration_of_medium_ldl_particles"
"6","Battram-T_concentration_of_small_ldl_particles"
"6","Battram-T_concentration_of_very_small_vldl_particles"
"6","Battram-T_esterified_cholesterol"
"6","Battram-T_free_cholesterol"
"6","Battram-T_free_cholesterol_in_idl"
"6","Battram-T_free_cholesterol_in_large_ldl"
"6","Battram-T_free_cholesterol_in_medium_ldl"
"6","Battram-T_free_cholesterol_in_small_ldl"
"6","Battram-T_free_cholesterol_in_very_small_vldl"
"6","Battram-T_free_cholesterol_to_total_lipids_ratio_in_medium_ldl"
"6","Battram-T_free_cholesterol_to_total_lipids_ratio_in_medium_vldl"
"6","Battram-T_free_cholesterol_to_total_lipids_ratio_in_small_hdl"
"6","Battram-T_free_cholesterol_to_total_lipids_ratio_in_small_ldl"
"6","Battram-T_ldl_cholesterol_fasting"
"6","Battram-T_omega_6_fatty_acids"
"6","Battram-T_phosphatidylcholine_and_other_cholines"
"6","Battram-T_phospholipids_in_idl"
"6","Battram-T_phospholipids_in_large_ldl"
"6","Battram-T_phospholipids_in_medium_ldl"
"6","Battram-T_phospholipids_in_small_ldl"
"6","Battram-T_phospholipids_in_very_small_vldl"
"6","Battram-T_phospholipids_to_total_lipids_ratio_in_idl"
"6","Battram-T_phospholipids_to_total_lipids_ratio_in_large_ldl"
"6","Battram-T_phospholipids_to_total_lipids_ratio_in_large_vldl"
"6","Battram-T_phospholipids_to_total_lipids_ratio_in_medium_ldl"
"6","Battram-T_phospholipids_to_total_lipids_ratio_in_small_hdl"
"6","Battram-T_phospholipids_to_total_lipids_ratio_in_small_ldl"
"6","Battram-T_phospholipids_to_total_lipids_ratio_in_small_vldl"
"6","Battram-T_phospholipids_to_total_lipids_ratio_in_very_large_vldl"
"6","Battram-T_phospholipids_to_total_lipids_ratio_in_very_small_vldl"
"6","Battram-T_polyunsaturated_fatty_acids"
"6","Battram-T_ratio_of_apolipoprotein_b_to_apolipoprotein_a_i"
"6","Battram-T_remnant_cholesterol__non-hdl__non-ldl_-cholesterol_"
"6","Battram-T_saturated_fatty_acids"
"6","Battram-T_serum_total_cholesterol"
"6","Battram-T_sphingomyelins"
"6","Battram-T_total_cholesterol_in_idl"
"6","Battram-T_total_cholesterol_in_large_ldl"
"6","Battram-T_total_cholesterol_in_ldl"
"6","Battram-T_total_cholesterol_in_medium_ldl"
"6","Battram-T_total_cholesterol_in_small_hdl"
"6","Battram-T_total_cholesterol_in_small_ldl"
"6","Battram-T_total_cholesterol_in_small_vldl"
"6","Battram-T_total_cholesterol_in_very_small_vldl"
"6","Battram-T_total_cholesterol_to_total_lipids_ratio_in_large_ldl"
"6","Battram-T_total_cholesterol_to_total_lipids_ratio_in_large_vldl"
"6","Battram-T_total_cholesterol_to_total_lipids_ratio_in_medium_ldl"
"6","Battram-T_total_cholesterol_to_total_lipids_ratio_in_small_hdl"
"6","Battram-T_total_cholesterol_to_total_lipids_ratio_in_small_ldl"
"6","Battram-T_total_cholines"
"6","Battram-T_total_fatty_acids"
"6","Battram-T_total_lipids_in_idl"
"6","Battram-T_total_lipids_in_large_ldl"
"6","Battram-T_total_lipids_in_medium_ldl"
"6","Battram-T_total_lipids_in_small_ldl"
"6","Battram-T_total_lipids_in_very_small_vldl"
"6","Battram-T_total_phosphoglycerides"
"6","Battram-T_triglycerides_in_idl"
"6","Battram-T_triglycerides_in_large_ldl"
"6","Battram-T_triglycerides_in_ldl"
"6","Battram-T_triglycerides_in_medium_ldl"
"6","Battram-T_triglycerides_in_small_ldl"
"6","Battram-T_triglycerides_to_total_lipids_ratio_in_large_vldl"
"7","32078381_Workalemahu-T_change_in_maternal_diastolic_blood_pressure_across_pregnancy"
"7","32078381_Workalemahu-T_change_in_maternal_diastolic_blood_pressure_between_first_and_second_trimester"
"7","32078381_Workalemahu-T_change_in_maternal_diastolic_blood_pressure_between_second_and_third_trimester"
"7","32078381_Workalemahu-T_change_in_maternal_systolic_blood_pressure_across_pregnancy"
"7","32078381_Workalemahu-T_change_in_maternal_systolic_blood_pressure_between_second_and_third_trimester"
"7","32078381_Workalemahu-T_maternal_diastolic_blood_pressure_bp_measured_in_first_trimester"
"7","32078381_Workalemahu-T_maternal_diastolic_blood_pressure_bp_measured_in_second_trimester"
"7","32078381_Workalemahu-T_maternal_diastolic_blood_pressure_bp_measured_in_third_trimester"
"7","32078381_Workalemahu-T_maternal_systoic_blood_pressure_bp_measured_in_first_trimester"
"7","32078381_Workalemahu-T_maternal_systolic_blood_pressure_bp_measured_in_second_trimester"
"7","32078381_Workalemahu-T_maternal_systolic_blood_pressure_bp_measured_in_third_trimester"
"8","31744183_Odintsova-VV_breastfeeding_discovery__adjusted_model__only_children_older_than_10"
"8","31744183_Odintsova-VV_breastfeeding_discovery__adjusted_model__only_children_younger_than_10"
"8","31744183_Odintsova-VV_breastfeeding_discovery__adjusted_model__total_sample"
"8","31744183_Odintsova-VV_breastfeeding_discovery__basic_model__only_children_younger_than_10"
"8","31744183_Odintsova-VV_breastfeeding_discovery__basic_model__total_sample"
"8","31744183_Odintsova-VV_breastfeeding_duration_discovery__adjusted_model__only_children_younger_than_10"
"8","31744183_Odintsova-VV_breastfeeding_duration_discovery__adjusted_model__total_sample"
"8","31744183_Odintsova-VV_breastfeeding_duration_discovery__basic_model__only_children_younger_than_10"
"8","31744183_Odintsova-VV_breastfeeding_duration_discovery__basic_model__total_sample"
"9","31282290_Huan-T_mir-127-3p"
"9","31282290_Huan-T_mir-370"
"9","31282290_Huan-T_mir-382-5p"
"9","31282290_Huan-T_mir-409-3p"
"9","31282290_Huan-T_mir-411-3p"
"9","31282290_Huan-T_mir-543"
"9","31282290_Huan-T_mir-654-5p"
"9","31282290_Huan-T_mir-668"
"10","33227132_Elmar-WT_assisted_reproductive_technology__art__discovery"
"10","33227132_Elmar-WT_assisted_reproductive_technology__art__discovery_-_not_adjusting_for_cell_composition"
"10","33227132_Elmar-WT_assisted_reproductive_technology__art__sensitivity_analysis_-_full_adjustment_model"
"10","33227132_Elmar-WT_assisted_reproductive_technology__art__sensitivity_analysis_-_minimal_model"
"10","33227132_Elmar-WT_assisted_reproductive_technology__art__sensitivity_analysis_-_model_2"
"10","33227132_Elmar-WT_assisted_reproductive_technology__art__subgroup_without_the_children_conceived_via_a_frozen_conceptus"
"10","33227132_Elmar-WT_assisted_reproductive_technology__art__subgroup_without_the_children_for_which_a_blastocyst_was_placed_in_utero"
"11","33547282_Muskens-I_downs_syndrome"
"11","33547282_Muskens-I_downs_syndrome_basic_model_plus_birthweight_and_gestational_age_adjustment"
"11","33547282_Muskens-I_downs_syndrome_individuals_with_gata1_mutation_removed"
"11","33547282_Muskens-I_downs_syndrome_latino_individuals_only"
"11","33547282_Muskens-I_downs_syndrome_non-latino_individuals_only"
"11","33752734_Yao-C_gene_expression_of_affymetrix_id__3966057__gene_symbol__chkb-cpt1b__meta-analysis"
"12","33431374_Jonsson-J_physical_activity_and_low-energy_diet_during_pregnancy_adjustment_only_for_sex_and_gestational_age"
"12","33431374_Jonsson-J_physical_activity_and_low-energy_diet_during_pregnancy_basic_model"
"12","33431374_Jonsson-J_physical_activity_and_low-energy_diet_during_pregnancy_basic_model_without_gestational_weight_gain_adjustment"
"12","33431374_Jonsson-J_physical_activity_and_low-energy_diet_during_pregnancy_basic_model_with_smoking_adjustment"
"12","33431374_Jonsson-J_physical_activity_and_low-energy_diet_during_pregnancy_basic_model_with_smoking_adjustment_and_without_gestational_weight_gain_adjustment"
"13","25381334_Battram-T_sex_ewas_catalog_re-analysis_of_geo_data__geo_accession_id_is_gse60275"
"13","31282290_Huan-T_mir-363-3p"
"13","31282290_Huan-T_mir-652-3p"
"13","33414392_Arranz-MJ_borderline_personality_disorder_discovery"
"13","31282290_Huan-T_mir-766-3p"
"14","33413638_Gomez-Alonso-MDC_dhatofa_meta-analysis"
"14","33413638_Gomez-Alonso-MDC_dha_meta-analysis"
"14","33413638_Gomez-Alonso-MDC_faw3tofa_meta-analysis"
"14","33413638_Gomez-Alonso-MDC_faw3_meta-analysis"
"15","27591263_smoking_during_pregnancy_discovery"
"15","27591263_smoking_during_pregnancy_replication"
"15","27591263_smoking_during_pregnancy_validation"
"15","27591263_smoking_during_pregnancy_validation_and_replication"
"16","29982128_Battram-T_arsenic_exposure_ewas_catalog_re-analysis_of_geo_data__geo_accession_id_is_gse109914"
"16","31282290_Huan-T_mir-339-3p"
"16","31282290_Huan-T_mir-339-5p"
"16","33752734_Yao-C_gene_expression_of_affymetrix_id__3035135__gene_symbol__zfand2a__meta-analysis"
"17","33752734_Yao-C_gene_expression_of_affymetrix_id__2350922__gene_symbol__gstm4__meta-analysis"
"17","33752734_Yao-C_gene_expression_of_affymetrix_id__2350952__gene_symbol__gstm2__meta-analysis"
"17","33752734_Yao-C_gene_expression_of_affymetrix_id__2350981__gene_symbol__gstm1__meta-analysis"
"17","33752734_Yao-C_gene_expression_of_affymetrix_id__2427208__gene_symbol__gstm3__meta-analysis"
"18","33752734_Yao-C_gene_expression_of_affymetrix_id__2901970__gene_symbol__mir4640__meta-analysis"
"18","33752734_Yao-C_gene_expression_of_affymetrix_id__2948648__gene_symbol__linc00243__meta-analysis"
"18","33752734_Yao-C_gene_expression_of_affymetrix_id__2948887__gene_symbol__not_mapped__meta-analysis"
"18","33752734_Yao-C_gene_expression_of_affymetrix_id__2948926__gene_symbol__not_mapped__meta-analysis"
"19","33752734_Yao-C_gene_expression_of_affymetrix_id__3843419__gene_symbol__znf211__meta-analysis"
"19","33752734_Yao-C_gene_expression_of_affymetrix_id__3872380__gene_symbol__znf154__meta-analysis"
"19","33752734_Yao-C_gene_expression_of_affymetrix_id__3872398__gene_symbol__znf671__meta-analysis"
"19","33752734_Yao-C_gene_expression_of_affymetrix_id__3872560__gene_symbol__znf256__meta-analysis"
"20","Battram-T_cholesterol_esters_to_total_lipids_ratio_in_very_large_vldl"
"20","Battram-T_free_cholesterol_to_total_lipids_ratio_in_very_large_vldl"
"20","Battram-T_total_cholesterol_to_total_lipids_ratio_in_very_large_vldl"
"20","Battram-T_triglycerides_to_total_lipids_ratio_in_very_large_vldl"
"21","28654093_major_depressive_disorder"
"21","28654093_major_depressive_disorder_adjusted_for_dust_cloud_exposure"
"21","28654093_posttraumatic_stress_disorder"
"21","28654093_posttraumatic_stress_disorder_adjusted_for_dust_cloud_exposure"
"22","33752734_Yao-C_gene_expression_of_affymetrix_id__2902444__gene_symbol__aif1__meta-analysis"
"22","33752734_Yao-C_gene_expression_of_affymetrix_id__2902559__gene_symbol__csnk2b__meta-analysis"
"22","33752734_Yao-C_gene_expression_of_affymetrix_id__2902736__gene_symbol__c6orf48__meta-analysis"
"22","33752734_Yao-C_gene_expression_of_affymetrix_id__2949230__gene_symbol__ly6g5c__meta-analysis"
